question,gold_doc,gold_pages,hit_strict@1,hit_strict@3,hit_strict@5,hit_soft@1,hit_soft@3,hit_soft@5,retrieved_topk
进程的定义是什么？,os_tutorial,[64],1,1,1,1,1,1,"[{""doc_id"": ""os_tutorial"", ""page"": 64, ""chunk_id"": 2, ""score"": 0.766751766204834}, {""doc_id"": ""os_tutorial"", ""page"": 71, ""chunk_id"": 2, ""score"": 0.7389352917671204}, {""doc_id"": ""os_tutorial"", ""page"": 60, ""chunk_id"": 0, ""score"": 0.7108248472213745}, {""doc_id"": ""os_tutorial"", ""page"": 131, ""chunk_id"": 2, ""score"": 0.7095708847045898}, {""doc_id"": ""os_tutorial"", ""page"": 43, ""chunk_id"": 1, ""score"": 0.6958346962928772}, {""doc_id"": ""os_tutorial"", ""page"": 72, ""chunk_id"": 0, ""score"": 0.6933378577232361}, {""doc_id"": ""os_tutorial"", ""page"": 92, ""chunk_id"": 2, ""score"": 0.6932283639907837}, {""doc_id"": ""os_tutorial"", ""page"": 65, ""chunk_id"": 1, ""score"": 0.6921442747116089}, {""doc_id"": ""os_tutorial"", ""page"": 64, ""chunk_id"": 1, ""score"": 0.6919548511505127}, {""doc_id"": ""os_tutorial"", ""page"": 72, ""chunk_id"": 1, ""score"": 0.686321496963501}]"
进程有哪些基本状态？,os_tutorial,[65],1,1,1,1,1,1,"[{""doc_id"": ""os_tutorial"", ""page"": 65, ""chunk_id"": 3, ""score"": 0.785703182220459}, {""doc_id"": ""os_tutorial"", ""page"": 65, ""chunk_id"": 1, ""score"": 0.7788511514663696}, {""doc_id"": ""os_tutorial"", ""page"": 64, ""chunk_id"": 3, ""score"": 0.7217692732810974}, {""doc_id"": ""os_tutorial"", ""page"": 71, ""chunk_id"": 2, ""score"": 0.7056482434272766}, {""doc_id"": ""os_tutorial"", ""page"": 64, ""chunk_id"": 2, ""score"": 0.6883373856544495}, {""doc_id"": ""os_tutorial"", ""page"": 70, ""chunk_id"": 1, ""score"": 0.6839919090270996}, {""doc_id"": ""os_tutorial"", ""page"": 60, ""chunk_id"": 0, ""score"": 0.6720148324966431}, {""doc_id"": ""os_tutorial"", ""page"": 66, ""chunk_id"": 2, ""score"": 0.6658967733383179}, {""doc_id"": ""os_tutorial"", ""page"": 65, ""chunk_id"": 2, ""score"": 0.6655333042144775}, {""doc_id"": ""os_tutorial"", ""page"": 68, ""chunk_id"": 1, ""score"": 0.6592361927032471}]"
进程控制块 PCB的作用是什么？,os_tutorial,[64],0,0,0,0,0,0,"[{""doc_id"": ""os_tutorial"", ""page"": 70, ""chunk_id"": 2, ""score"": 0.7623863816261292}, {""doc_id"": ""os_tutorial"", ""page"": 69, ""chunk_id"": 1, ""score"": 0.7474390268325806}, {""doc_id"": ""os_tutorial"", ""page"": 70, ""chunk_id"": 0, ""score"": 0.7386630773544312}, {""doc_id"": ""os_tutorial"", ""page"": 84, ""chunk_id"": 2, ""score"": 0.7335447669029236}, {""doc_id"": ""os_tutorial"", ""page"": 66, ""chunk_id"": 0, ""score"": 0.7325422763824463}, {""doc_id"": ""os_tutorial"", ""page"": 92, ""chunk_id"": 2, ""score"": 0.7291179895401001}, {""doc_id"": ""os_tutorial"", ""page"": 64, ""chunk_id"": 2, ""score"": 0.7279984951019287}, {""doc_id"": ""os_tutorial"", ""page"": 69, ""chunk_id"": 0, ""score"": 0.7262437343597412}, {""doc_id"": ""os_tutorial"", ""page"": 64, ""chunk_id"": 1, ""score"": 0.7244601249694824}, {""doc_id"": ""os_tutorial"", ""page"": 69, ""chunk_id"": 2, ""score"": 0.7166087627410889}]"
进程控制包括哪些基本操作？,os_tutorial,[43],0,0,1,0,0,1,"[{""doc_id"": ""os_tutorial"", ""page"": 71, ""chunk_id"": 2, ""score"": 0.7634515762329102}, {""doc_id"": ""os_tutorial"", ""page"": 60, ""chunk_id"": 0, ""score"": 0.7156985402107239}, {""doc_id"": ""os_tutorial"", ""page"": 64, ""chunk_id"": 2, ""score"": 0.7144667506217957}, {""doc_id"": ""os_tutorial"", ""page"": 43, ""chunk_id"": 0, ""score"": 0.7135332822799683}, {""doc_id"": ""os_tutorial"", ""page"": 92, ""chunk_id"": 2, ""score"": 0.7104485034942627}, {""doc_id"": ""os_tutorial"", ""page"": 70, ""chunk_id"": 2, ""score"": 0.7073987722396851}, {""doc_id"": ""os_tutorial"", ""page"": 62, ""chunk_id"": 0, ""score"": 0.699577271938324}, {""doc_id"": ""os_tutorial"", ""page"": 65, ""chunk_id"": 1, ""score"": 0.6941379308700562}, {""doc_id"": ""os_tutorial"", ""page"": 72, ""chunk_id"": 1, ""score"": 0.6930795907974243}, {""doc_id"": ""os_tutorial"", ""page"": 70, ""chunk_id"": 0, ""score"": 0.6820957064628601}]"
进程间通信的主要方式有哪些？,os_tutorial,[76],0,1,1,0,1,1,"[{""doc_id"": ""os_tutorial"", ""page"": 80, ""chunk_id"": 0, ""score"": 0.7747178077697754}, {""doc_id"": ""os_tutorial"", ""page"": 81, ""chunk_id"": 1, ""score"": 0.7692329287528992}, {""doc_id"": ""os_tutorial"", ""page"": 76, ""chunk_id"": 3, ""score"": 0.7643351554870605}, {""doc_id"": ""os_tutorial"", ""page"": 43, ""chunk_id"": 1, ""score"": 0.7639763951301575}, {""doc_id"": ""os_tutorial"", ""page"": 342, ""chunk_id"": 2, ""score"": 0.7543078660964966}, {""doc_id"": ""os_tutorial"", ""page"": 76, ""chunk_id"": 0, ""score"": 0.752011775970459}, {""doc_id"": ""os_tutorial"", ""page"": 78, ""chunk_id"": 0, ""score"": 0.7468565702438354}, {""doc_id"": ""os_tutorial"", ""page"": 77, ""chunk_id"": 0, ""score"": 0.7413744926452637}, {""doc_id"": ""os_tutorial"", ""page"": 76, ""chunk_id"": 2, ""score"": 0.7378325462341309}, {""doc_id"": ""os_tutorial"", ""page"": 80, ""chunk_id"": 1, ""score"": 0.7375907897949219}]"
什么是系统调用？,os_tutorial,[55],0,1,1,0,1,1,"[{""doc_id"": ""os_tutorial"", ""page"": 250, ""chunk_id"": 0, ""score"": 0.7258117198944092}, {""doc_id"": ""os_tutorial"", ""page"": 55, ""chunk_id"": 0, ""score"": 0.7085576057434082}, {""doc_id"": ""os_tutorial"", ""page"": 55, ""chunk_id"": 1, ""score"": 0.6934326887130737}, {""doc_id"": ""os_tutorial"", ""page"": 57, ""chunk_id"": 0, ""score"": 0.6702558994293213}, {""doc_id"": ""os_tutorial"", ""page"": 47, ""chunk_id"": 1, ""score"": 0.6681922674179077}, {""doc_id"": ""os_tutorial"", ""page"": 47, ""chunk_id"": 0, ""score"": 0.6655817031860352}, {""doc_id"": ""os_tutorial"", ""page"": 57, ""chunk_id"": 2, ""score"": 0.6616688966751099}, {""doc_id"": ""os_tutorial"", ""page"": 57, ""chunk_id"": 1, ""score"": 0.6613603830337524}, {""doc_id"": ""os_tutorial"", ""page"": 55, ""chunk_id"": 2, ""score"": 0.6607771515846252}, {""doc_id"": ""co"", ""page"": 9, ""chunk_id"": 1, ""score"": 0.6546676158905029}]"
多线程模型有哪些？,os_tutorial,[89],1,1,1,1,1,1,"[{""doc_id"": ""os_tutorial"", ""page"": 89, ""chunk_id"": 2, ""score"": 0.6761733293533325}, {""doc_id"": ""os_tutorial"", ""page"": 92, ""chunk_id"": 3, ""score"": 0.6483889818191528}, {""doc_id"": ""os_tutorial"", ""page"": 87, ""chunk_id"": 3, ""score"": 0.6272644996643066}, {""doc_id"": ""os_tutorial"", ""page"": 86, ""chunk_id"": 2, ""score"": 0.6257296800613403}, {""doc_id"": ""os_tutorial"", ""page"": 87, ""chunk_id"": 0, ""score"": 0.6029566526412964}, {""doc_id"": ""os_tutorial"", ""page"": 85, ""chunk_id"": 1, ""score"": 0.5805740356445312}, {""doc_id"": ""os_tutorial"", ""page"": 85, ""chunk_id"": 2, ""score"": 0.5760105848312378}, {""doc_id"": ""os_tutorial"", ""page"": 86, ""chunk_id"": 0, ""score"": 0.5731868147850037}, {""doc_id"": ""os_tutorial"", ""page"": 87, ""chunk_id"": 2, ""score"": 0.5668467283248901}, {""doc_id"": ""os_tutorial"", ""page"": 87, ""chunk_id"": 1, ""score"": 0.5634821653366089}]"
多级页表的基本思想是什么？,os_tutorial,"[179, 180]",0,1,1,1,1,1,"[{""doc_id"": ""os_tutorial"", ""page"": 181, ""chunk_id"": 1, ""score"": 0.627591609954834}, {""doc_id"": ""os_tutorial"", ""page"": 180, ""chunk_id"": 1, ""score"": 0.6203739643096924}, {""doc_id"": ""os_tutorial"", ""page"": 177, ""chunk_id"": 2, ""score"": 0.6179776191711426}, {""doc_id"": ""os_tutorial"", ""page"": 181, ""chunk_id"": 2, ""score"": 0.5965293645858765}, {""doc_id"": ""os_tutorial"", ""page"": 177, ""chunk_id"": 1, ""score"": 0.5877572298049927}, {""doc_id"": ""os_tutorial"", ""page"": 180, ""chunk_id"": 2, ""score"": 0.5829516053199768}, {""doc_id"": ""os_tutorial"", ""page"": 180, ""chunk_id"": 0, ""score"": 0.5810374021530151}, {""doc_id"": ""os_tutorial"", ""page"": 181, ""chunk_id"": 0, ""score"": 0.5743484497070312}, {""doc_id"": ""os_tutorial"", ""page"": 191, ""chunk_id"": 1, ""score"": 0.5639911890029907}, {""doc_id"": ""os_tutorial"", ""page"": 188, ""chunk_id"": 1, ""score"": 0.5634751319885254}]"
什么是FCB？,os_tutorial,[281],1,1,1,1,1,1,"[{""doc_id"": ""os_tutorial"", ""page"": 281, ""chunk_id"": 1, ""score"": 0.6040444374084473}, {""doc_id"": ""os_tutorial"", ""page"": 281, ""chunk_id"": 0, ""score"": 0.5934889316558838}, {""doc_id"": ""os_tutorial"", ""page"": 281, ""chunk_id"": 2, ""score"": 0.5817177891731262}, {""doc_id"": ""os_tutorial"", ""page"": 383, ""chunk_id"": 3, ""score"": 0.5657202005386353}, {""doc_id"": ""os_tutorial"", ""page"": 304, ""chunk_id"": 2, ""score"": 0.5627163648605347}, {""doc_id"": ""os_tutorial"", ""page"": 285, ""chunk_id"": 0, ""score"": 0.5438727736473083}, {""doc_id"": ""os_tutorial"", ""page"": 91, ""chunk_id"": 0, ""score"": 0.5370838046073914}, {""doc_id"": ""os_tutorial"", ""page"": 322, ""chunk_id"": 2, ""score"": 0.5336899161338806}, {""doc_id"": ""os_tutorial"", ""page"": 404, ""chunk_id"": 1, ""score"": 0.5304036736488342}, {""doc_id"": ""os_tutorial"", ""page"": 89, ""chunk_id"": 1, ""score"": 0.524602472782135}]"
虚拟存储器的基本工作原理是什么？,os_tutorial,[195],0,0,1,0,1,1,"[{""doc_id"": ""os_tutorial"", ""page"": 193, ""chunk_id"": 0, ""score"": 0.7255502343177795}, {""doc_id"": ""os_tutorial"", ""page"": 194, ""chunk_id"": 0, ""score"": 0.7128658294677734}, {""doc_id"": ""co"", ""page"": 78, ""chunk_id"": 0, ""score"": 0.7093149423599243}, {""doc_id"": ""os_tutorial"", ""page"": 371, ""chunk_id"": 2, ""score"": 0.708959698677063}, {""doc_id"": ""os_tutorial"", ""page"": 195, ""chunk_id"": 1, ""score"": 0.7067309617996216}, {""doc_id"": ""os_tutorial"", ""page"": 196, ""chunk_id"": 0, ""score"": 0.6991106271743774}, {""doc_id"": ""os_tutorial"", ""page"": 195, ""chunk_id"": 0, ""score"": 0.6914780139923096}, {""doc_id"": ""os_tutorial"", ""page"": 14, ""chunk_id"": 2, ""score"": 0.680780291557312}, {""doc_id"": ""os_tutorial"", ""page"": 316, ""chunk_id"": 0, ""score"": 0.674446165561676}, {""doc_id"": ""os_tutorial"", ""page"": 217, ""chunk_id"": 1, ""score"": 0.6739798188209534}]"
什么是冯·诺依曼结构？,co,[14],0,1,1,0,1,1,"[{""doc_id"": ""co"", ""page"": 26, ""chunk_id"": 2, ""score"": 0.5996500253677368}, {""doc_id"": ""co"", ""page"": 14, ""chunk_id"": 1, ""score"": 0.59684157371521}, {""doc_id"": ""co"", ""page"": 14, ""chunk_id"": 2, ""score"": 0.5579726696014404}, {""doc_id"": ""os_tutorial"", ""page"": 274, ""chunk_id"": 3, ""score"": 0.4989725649356842}, {""doc_id"": ""co"", ""page"": 27, ""chunk_id"": 0, ""score"": 0.4894898235797882}, {""doc_id"": ""os_tutorial"", ""page"": 134, ""chunk_id"": 2, ""score"": 0.44634538888931274}, {""doc_id"": ""os_tutorial"", ""page"": 302, ""chunk_id"": 1, ""score"": 0.4454529285430908}, {""doc_id"": ""co"", ""page"": 26, ""chunk_id"": 1, ""score"": 0.43970054388046265}, {""doc_id"": ""os_tutorial"", ""page"": 338, ""chunk_id"": 3, ""score"": 0.43892720341682434}, {""doc_id"": ""co"", ""page"": 128, ""chunk_id"": 2, ""score"": 0.4386475384235382}]"
CPU 的功能是什么？,co,[343],0,1,1,0,1,1,"[{""doc_id"": ""co"", ""page"": 223, ""chunk_id"": 0, ""score"": 0.7251952886581421}, {""doc_id"": ""co"", ""page"": 343, ""chunk_id"": 0, ""score"": 0.7148491144180298}, {""doc_id"": ""co"", ""page"": 431, ""chunk_id"": 1, ""score"": 0.7063132524490356}, {""doc_id"": ""co"", ""page"": 431, ""chunk_id"": 2, ""score"": 0.691278338432312}, {""doc_id"": ""os_tutorial"", ""page"": 338, ""chunk_id"": 1, ""score"": 0.6865593194961548}, {""doc_id"": ""os_tutorial"", ""page"": 369, ""chunk_id"": 3, ""score"": 0.6863185167312622}, {""doc_id"": ""co"", ""page"": 344, ""chunk_id"": 0, ""score"": 0.6837124228477478}, {""doc_id"": ""co"", ""page"": 333, ""chunk_id"": 3, ""score"": 0.681083619594574}, {""doc_id"": ""co"", ""page"": 397, ""chunk_id"": 2, ""score"": 0.6802213788032532}, {""doc_id"": ""os_tutorial"", ""page"": 39, ""chunk_id"": 3, ""score"": 0.6796989440917969}]"
什么是指令周期？,co,[348],0,1,1,0,1,1,"[{""doc_id"": ""co"", ""page"": 360, ""chunk_id"": 2, ""score"": 0.6838533878326416}, {""doc_id"": ""co"", ""page"": 348, ""chunk_id"": 1, ""score"": 0.6804202795028687}, {""doc_id"": ""co"", ""page"": 391, ""chunk_id"": 1, ""score"": 0.6570104360580444}, {""doc_id"": ""co"", ""page"": 349, ""chunk_id"": 2, ""score"": 0.642370343208313}, {""doc_id"": ""co"", ""page"": 381, ""chunk_id"": 0, ""score"": 0.6374596953392029}, {""doc_id"": ""co"", ""page"": 393, ""chunk_id"": 1, ""score"": 0.6353784799575806}, {""doc_id"": ""co"", ""page"": 349, ""chunk_id"": 0, ""score"": 0.6343040466308594}, {""doc_id"": ""co"", ""page"": 350, ""chunk_id"": 0, ""score"": 0.6311753392219543}, {""doc_id"": ""co"", ""page"": 349, ""chunk_id"": 1, ""score"": 0.6295657157897949}, {""doc_id"": ""co"", ""page"": 428, ""chunk_id"": 2, ""score"": 0.6293393969535828}]"
指令周期的基本阶段有哪些？,co,[348],0,0,1,0,1,1,"[{""doc_id"": ""co"", ""page"": 360, ""chunk_id"": 2, ""score"": 0.670789897441864}, {""doc_id"": ""co"", ""page"": 349, ""chunk_id"": 2, ""score"": 0.6695617437362671}, {""doc_id"": ""co"", ""page"": 381, ""chunk_id"": 0, ""score"": 0.664729118347168}, {""doc_id"": ""co"", ""page"": 391, ""chunk_id"": 1, ""score"": 0.6594029664993286}, {""doc_id"": ""co"", ""page"": 348, ""chunk_id"": 1, ""score"": 0.6571030616760254}, {""doc_id"": ""co"", ""page"": 428, ""chunk_id"": 2, ""score"": 0.6411224603652954}, {""doc_id"": ""co"", ""page"": 348, ""chunk_id"": 0, ""score"": 0.6385351419448853}, {""doc_id"": ""co"", ""page"": 349, ""chunk_id"": 0, ""score"": 0.6328831911087036}, {""doc_id"": ""co"", ""page"": 349, ""chunk_id"": 1, ""score"": 0.6296001672744751}, {""doc_id"": ""co"", ""page"": 416, ""chunk_id"": 0, ""score"": 0.6223928928375244}]"
什么是流水线技术？,co,[363],0,0,0,1,1,1,"[{""doc_id"": ""co"", ""page"": 362, ""chunk_id"": 1, ""score"": 0.5926997661590576}, {""doc_id"": ""co"", ""page"": 364, ""chunk_id"": 1, ""score"": 0.5749338865280151}, {""doc_id"": ""co"", ""page"": 352, ""chunk_id"": 2, ""score"": 0.5715080499649048}, {""doc_id"": ""co"", ""page"": 362, ""chunk_id"": 0, ""score"": 0.567366361618042}, {""doc_id"": ""co"", ""page"": 353, ""chunk_id"": 2, ""score"": 0.5627857446670532}, {""doc_id"": ""co"", ""page"": 354, ""chunk_id"": 2, ""score"": 0.5517606139183044}, {""doc_id"": ""co"", ""page"": 5, ""chunk_id"": 5, ""score"": 0.5496423840522766}, {""doc_id"": ""co"", ""page"": 364, ""chunk_id"": 0, ""score"": 0.5481128096580505}, {""doc_id"": ""co"", ""page"": 354, ""chunk_id"": 1, ""score"": 0.5417816042900085}, {""doc_id"": ""co"", ""page"": 361, ""chunk_id"": 1, ""score"": 0.5403660535812378}]"
什么是 高速缓存 Cache？,co,[115],0,1,1,0,1,1,"[{""doc_id"": ""os_tutorial"", ""page"": 159, ""chunk_id"": 2, ""score"": 0.7337138652801514}, {""doc_id"": ""co"", ""page"": 115, ""chunk_id"": 2, ""score"": 0.7246893644332886}, {""doc_id"": ""os_tutorial"", ""page"": 159, ""chunk_id"": 3, ""score"": 0.7243547439575195}, {""doc_id"": ""os_tutorial"", ""page"": 259, ""chunk_id"": 1, ""score"": 0.7208413481712341}, {""doc_id"": ""co"", ""page"": 115, ""chunk_id"": 1, ""score"": 0.7190659642219543}, {""doc_id"": ""os_tutorial"", ""page"": 336, ""chunk_id"": 2, ""score"": 0.712573230266571}, {""doc_id"": ""os_tutorial"", ""page"": 159, ""chunk_id"": 1, ""score"": 0.7098516225814819}, {""doc_id"": ""co"", ""page"": 120, ""chunk_id"": 3, ""score"": 0.7096213698387146}, {""doc_id"": ""co"", ""page"": 121, ""chunk_id"": 0, ""score"": 0.6838055849075317}, {""doc_id"": ""co"", ""page"": 116, ""chunk_id"": 0, ""score"": 0.6834810972213745}]"
什么是局部性原理？,co,[194],0,0,0,0,0,0,"[{""doc_id"": ""os_tutorial"", ""page"": 64, ""chunk_id"": 3, ""score"": 0.5614757537841797}, {""doc_id"": ""os_tutorial"", ""page"": 194, ""chunk_id"": 1, ""score"": 0.5377610921859741}, {""doc_id"": ""os_tutorial"", ""page"": 194, ""chunk_id"": 2, ""score"": 0.5229280591011047}, {""doc_id"": ""os_tutorial"", ""page"": 274, ""chunk_id"": 3, ""score"": 0.5014228820800781}, {""doc_id"": ""os_tutorial"", ""page"": 41, ""chunk_id"": 0, ""score"": 0.5001511573791504}, {""doc_id"": ""os_tutorial"", ""page"": 142, ""chunk_id"": 2, ""score"": 0.4987283945083618}, {""doc_id"": ""co"", ""page"": 9, ""chunk_id"": 0, ""score"": 0.4948946237564087}, {""doc_id"": ""os_tutorial"", ""page"": 405, ""chunk_id"": 2, ""score"": 0.4919065833091736}, {""doc_id"": ""os_tutorial"", ""page"": 194, ""chunk_id"": 3, ""score"": 0.4840025007724762}, {""doc_id"": ""os_tutorial"", ""page"": 57, ""chunk_id"": 3, ""score"": 0.4832626283168793}]"
程序计数器（PC）的作用是什么？,co,[22],0,0,0,0,0,0,"[{""doc_id"": ""os_tutorial"", ""page"": 39, ""chunk_id"": 3, ""score"": 0.6439728140830994}, {""doc_id"": ""co"", ""page"": 13, ""chunk_id"": 1, ""score"": 0.6368910074234009}, {""doc_id"": ""co"", ""page"": 333, ""chunk_id"": 1, ""score"": 0.6308720111846924}, {""doc_id"": ""co"", ""page"": 13, ""chunk_id"": 0, ""score"": 0.6301323175430298}, {""doc_id"": ""co"", ""page"": 331, ""chunk_id"": 2, ""score"": 0.6273671984672546}, {""doc_id"": ""os_tutorial"", ""page"": 227, ""chunk_id"": 0, ""score"": 0.6262689828872681}, {""doc_id"": ""co"", ""page"": 412, ""chunk_id"": 2, ""score"": 0.6234805583953857}, {""doc_id"": ""co"", ""page"": 12, ""chunk_id"": 0, ""score"": 0.617518424987793}, {""doc_id"": ""co"", ""page"": 34, ""chunk_id"": 1, ""score"": 0.6172789335250854}, {""doc_id"": ""co"", ""page"": 22, ""chunk_id"": 1, ""score"": 0.6168599128723145}]"
什么是中断隐指令？,co,[364],0,0,0,0,0,0,"[{""doc_id"": ""co"", ""page"": 370, ""chunk_id"": 0, ""score"": 0.7022998332977295}, {""doc_id"": ""os_tutorial"", ""page"": 235, ""chunk_id"": 1, ""score"": 0.6953149437904358}, {""doc_id"": ""co"", ""page"": 369, ""chunk_id"": 1, ""score"": 0.6869497299194336}, {""doc_id"": ""co"", ""page"": 315, ""chunk_id"": 1, ""score"": 0.6813634634017944}, {""doc_id"": ""co"", ""page"": 377, ""chunk_id"": 0, ""score"": 0.6767078042030334}, {""doc_id"": ""os_tutorial"", ""page"": 42, ""chunk_id"": 1, ""score"": 0.6758946776390076}, {""doc_id"": ""co"", ""page"": 370, ""chunk_id"": 1, ""score"": 0.6709353923797607}, {""doc_id"": ""os_tutorial"", ""page"": 42, ""chunk_id"": 2, ""score"": 0.66878342628479}, {""doc_id"": ""co"", ""page"": 365, ""chunk_id"": 2, ""score"": 0.6682984828948975}, {""doc_id"": ""co"", ""page"": 369, ""chunk_id"": 0, ""score"": 0.6679951548576355}]"
什么是算术移位？,co,[240],0,1,1,0,1,1,"[{""doc_id"": ""co"", ""page"": 242, ""chunk_id"": 2, ""score"": 0.7166945934295654}, {""doc_id"": ""co"", ""page"": 242, ""chunk_id"": 1, ""score"": 0.6639033555984497}, {""doc_id"": ""co"", ""page"": 240, ""chunk_id"": 0, ""score"": 0.6502506136894226}, {""doc_id"": ""co"", ""page"": 313, ""chunk_id"": 0, ""score"": 0.6419172883033752}, {""doc_id"": ""co"", ""page"": 249, ""chunk_id"": 2, ""score"": 0.5880338549613953}, {""doc_id"": ""co"", ""page"": 264, ""chunk_id"": 2, ""score"": 0.586443305015564}, {""doc_id"": ""co"", ""page"": 322, ""chunk_id"": 2, ""score"": 0.5860073566436768}, {""doc_id"": ""co"", ""page"": 240, ""chunk_id"": 1, ""score"": 0.5786172151565552}, {""doc_id"": ""co"", ""page"": 118, ""chunk_id"": 2, ""score"": 0.5776129961013794}, {""doc_id"": ""co"", ""page"": 250, ""chunk_id"": 1, ""score"": 0.5756058692932129}]"
